{
  "seed": 42,
  "n_qubits": 5,
  "n_steps": 200,
  "sampling_hours": 0.5,
  "t1_threshold_us": 50.0,
  "first_mean_autocorrelation_below_0_5_hours": 7.5,
  "drift_signature_gap_per_lag": [
    0.008016773157892107,
    0.0892026798463156,
    0.01297802017032929,
    0.013699111650097273
  ]
}
