{
  "n_each": 700,
  "seed": 0,
  "n_splits": 8,
  "truncation_sweep": {
    "n_grid": [
      1,
      2,
      3,
      4,
      5,
      6,
      8,
      10,
      12,
      16
    ],
    "auc_mean": [
      0.5125042314874371,
      0.9032948730467449,
      0.8323306106136787,
      0.7762083774882462,
      0.7282389249988463,
      0.6924015169869329,
      0.6466956730187372,
      0.6192392978102143,
      0.5959765158093322,
      0.5725189631257391
    ],
    "auc_sd": [
      0.041293119665588546,
      0.016156194042744865,
      0.022172785590046172,
      0.022761102125103322,
      0.02320747592807419,
      0.023570066748456502,
      0.02625716796716209,
      0.028080161315573653,
      0.02648244922458941,
      0.0252968689688218
    ],
    "best_k": [
      1,
      16,
      16,
      16,
      16,
      16,
      16,
      16,
      16,
      16
    ]
  },
  "peak_n": 2,
  "peak_auc": 0.9032948730467449,
  "commutative_auc": 0.5125042314874371,
  "raw_auc": 0.49292678111939614,
  "grid": {
    "n_grid": [
      1,
      2,
      3,
      4,
      6,
      8
    ],
    "k_grid": [
      1,
      2,
      3,
      5,
      8,
      12
    ],
    "auc": [
      [
        0.5125042314874371,
        0.5072982570058111,
        0.49416864318973125,
        0.45699706224920905,
        0.45624539365659333,
        0.42815371204537944
      ],
      [
        0.7718932077506531,
        0.7873338640843321,
        0.798187580925787,
        0.8229177902355228,
        0.8436173968806877,
        0.8740493028726954
      ],
      [
        0.7282854602249322,
        0.743254983896832,
        0.752448194172874,
        0.7754737410289537,
        0.8027584740665676,
        0.8194870746643519
      ],
      [
        0.6944865682461804,
        0.710679818723905,
        0.7180525917683138,
        0.7339881295501793,
        0.7601688768682847,
        0.7696147525031879
      ],
      [
        0.6403616128263059,
        0.6507274385265449,
        0.6521516010660726,
        0.6592870371432751,
        0.6887222934020647,
        0.6879040445307717
      ],
      [
        0.6071398379084326,
        0.6155960715657562,
        0.6147240476184554,
        0.6116401888262144,
        0.6351686764021932,
        0.6353616145942922
      ]
    ]
  },
  "baseline_comparison": {
    "raw level (flatten)": [
      0.49292678111939614,
      0.026540866033677588
    ],
    "commutative kernel (n=1)": [
      0.45624539365659333,
      0.0170581881566629
    ],
    "periodic spectral-truncation (n=2)": [
      0.4717061269920504,
      0.026716566339190666
    ],
    "causal spectral-truncation (ours, n=2)": [
      0.8436173968806877,
      0.018313030150750146
    ]
  }
}
