{
  "seeds": [
    0,
    1,
    2,
    3,
    4
  ],
  "horizons": [
    1,
    2,
    3,
    4,
    5,
    6,
    7,
    8
  ],
  "mae_mean": {
    "pers": [
      2.4441146850585938,
      2.6955795288085938,
      3.2128326892852783,
      3.7773234844207764,
      4.471343994140625,
      5.2520647048950195,
      6.0468316078186035,
      6.789865016937256
    ],
    "clim": [
      13.011377334594727,
      12.893162727355957,
      12.791529655456543,
      12.691633224487305,
      12.630241394042969,
      12.554858207702637,
      12.48508071899414,
      12.402587890625
    ],
    "ar": [
      1.84915030002594,
      1.8787740468978882,
      1.9137306213378906,
      1.9619200229644775,
      2.0358896255493164,
      2.1138758659362793,
      2.140721559524536,
      2.1862807273864746
    ],
    "mv": [
      1.8037086725234985,
      1.8173872232437134,
      1.8365567922592163,
      1.8414453268051147,
      1.880411148071289,
      1.9095227718353271,
      1.8996715545654297,
      1.87593674659729
    ]
  },
  "mae_sd": {
    "pers": [
      0.15546435117721558,
      0.10502047836780548,
      0.0776982456445694,
      0.16961586475372314,
      0.11272162199020386,
      0.18900203704833984,
      0.14095908403396606,
      0.18146836757659912
    ],
    "clim": [
      0.05127855762839317,
      0.05017746612429619,
      0.06771502643823624,
      0.0556492954492569,
      0.05958814546465874,
      0.06069737300276756,
      0.037346579134464264,
      0.045806802809238434
    ],
    "ar": [
      0.06604988873004913,
      0.07501567155122757,
      0.05499810725450516,
      0.06639917939901352,
      0.05574028193950653,
      0.048148661851882935,
      0.0670018121600151,
      0.06019837036728859
    ],
    "mv": [
      0.0899667888879776,
      0.12212377786636353,
      0.1061822921037674,
      0.11194374412298203,
      0.09734568744897842,
      0.09924688190221786,
      0.08484537154436111,
      0.06350361555814743
    ]
  },
  "skill_ar_mean": [
    0.2412702590227127,
    0.30259424448013306,
    0.40406933426856995,
    0.4800950884819031,
    0.5445858240127563,
    0.5971583127975464,
    0.6457442045211792,
    0.6777346134185791
  ],
  "skill_ar_sd": [
    0.04078587517142296,
    0.024427074939012527,
    0.02054312638938427,
    0.0168899092823267,
    0.010544242337346077,
    0.012885745614767075,
    0.014856887981295586,
    0.013533749617636204
  ],
  "skill_multivariate_mean": [
    0.2595227360725403,
    0.3257382810115814,
    0.428567498922348,
    0.5128101706504822,
    0.5796955823898315,
    0.636498749256134,
    0.6858447194099426,
    0.7236232161521912
  ],
  "skill_multivariate_sd": [
    0.053069520741701126,
    0.037819188088178635,
    0.02569987066090107,
    0.009991947561502457,
    0.012295915745198727,
    0.011399802751839161,
    0.011748786084353924,
    0.009143877774477005
  ]
}
