{
  "seeds": [
    0,
    1,
    2,
    3,
    4
  ],
  "horizons": [
    1,
    2,
    3,
    4,
    5,
    6,
    7,
    8
  ],
  "mae_mean": {
    "pers": [
      2.4441146850585938,
      2.6955795288085938,
      3.2128326892852783,
      3.7773234844207764,
      4.471343994140625,
      5.2520647048950195,
      6.0468316078186035,
      6.789865016937256
    ],
    "clim": [
      13.011377334594727,
      12.893162727355957,
      12.791529655456543,
      12.691633224487305,
      12.630241394042969,
      12.554858207702637,
      12.48508071899414,
      12.402587890625
    ],
    "ar": [
      1.8491637706756592,
      1.8787777423858643,
      1.9137256145477295,
      1.9619171619415283,
      2.0358738899230957,
      2.1138787269592285,
      2.140709638595581,
      2.186276912689209
    ],
    "mv": [
      1.8037347793579102,
      1.817395806312561,
      1.8365532159805298,
      1.841418981552124,
      1.8803991079330444,
      1.9095112085342407,
      1.8996658325195312,
      1.875933289527893
    ]
  },
  "mae_sd": {
    "pers": [
      0.15546435117721558,
      0.10502047836780548,
      0.0776982456445694,
      0.16961586475372314,
      0.11272162199020386,
      0.18900203704833984,
      0.14095908403396606,
      0.18146836757659912
    ],
    "clim": [
      0.05127855762839317,
      0.05017746612429619,
      0.06771502643823624,
      0.0556492954492569,
      0.05958814546465874,
      0.06069737300276756,
      0.037346579134464264,
      0.045806802809238434
    ],
    "ar": [
      0.06605159491300583,
      0.07502591609954834,
      0.05500224605202675,
      0.0664081797003746,
      0.055743057280778885,
      0.048147574067115784,
      0.067006416618824,
      0.06020474433898926
    ],
    "mv": [
      0.08995719254016876,
      0.12213410437107086,
      0.10617583245038986,
      0.11193336546421051,
      0.0973394364118576,
      0.09923814237117767,
      0.08485661447048187,
      0.06348817050457001
    ]
  },
  "skill_ar_mean": [
    0.24126505851745605,
    0.3025929629802704,
    0.4040709435939789,
    0.4800959527492523,
    0.5445893406867981,
    0.5971577763557434,
    0.6457462310791016,
    0.6777349710464478
  ],
  "skill_ar_sd": [
    0.040780551731586456,
    0.024429742246866226,
    0.020543836057186127,
    0.016889318823814392,
    0.01054549403488636,
    0.01288632396608591,
    0.014856704510748386,
    0.013536259531974792
  ],
  "skill_multivariate_mean": [
    0.2595122754573822,
    0.32573527097702026,
    0.42856860160827637,
    0.5128170251846313,
    0.5796982049942017,
    0.6365009546279907,
    0.685845673084259,
    0.7236237525939941
  ],
  "skill_multivariate_sd": [
    0.05306245759129524,
    0.03781956061720848,
    0.02569718472659588,
    0.009990676306188107,
    0.01229577325284481,
    0.011399266310036182,
    0.01175057515501976,
    0.009142795577645302
  ],
  "cstk_skill8_vs_n": {
    "1": 0.7170479401146799,
    "2": 0.7129617661971965,
    "3": 0.7066239927399037,
    "4": 0.7056085515149313
  },
  "cstk_skill8_vs_n_sd": {
    "1": 0.01337437109892824,
    "2": 0.012269616372762984,
    "3": 0.013034183625829653,
    "4": 0.012874591768873948
  }
}
