{
  "seed": 42,
  "n_splits": 8,
  "rank_grid": [
    1,
    2,
    3,
    4,
    5,
    6,
    7,
    8,
    9,
    10,
    11,
    12,
    13,
    14,
    15,
    16,
    17,
    18,
    19,
    20,
    21,
    22,
    23,
    24,
    25,
    26,
    27,
    28,
    29,
    30,
    31,
    32
  ],
  "rank_auc_mean": [
    0.870269671346176,
    0.7976462239243383,
    0.7042800871523536,
    0.6275623525024717,
    0.465643104895055,
    0.4631595291167476,
    0.4603191601673975,
    0.4636418346726322,
    0.46680895050025517,
    0.4700121362670899,
    0.4737536579017816,
    0.4728535658774851,
    0.4722970257827386,
    0.4733526191701416,
    0.476843328768551,
    0.4770251322857543,
    0.47638339975439103,
    0.47567724499699504,
    0.4789731781687775,
    0.4763014176920777,
    0.47589623756107596,
    0.47635003203979265,
    0.474802785016698,
    0.47380811294313846,
    0.47865322602147975,
    0.47794098888588654,
    0.47777645639481775,
    0.48176984819315694,
    0.4841592491769475,
    0.48287417151991696,
    0.48004829496928864,
    0.4801429013635353
  ],
  "rank_auc_sd": [
    0.022553595726366706,
    0.026726852997101803,
    0.04982284795686179,
    0.04355359965240664,
    0.037307724945790315,
    0.03977661907760968,
    0.03947983446422125,
    0.039588032570917774,
    0.03849380704692956,
    0.04218790961692372,
    0.04304383186311997,
    0.04112214525849239,
    0.04119666645283711,
    0.040997100842527855,
    0.040666722028237914,
    0.0376363454664635,
    0.03676797655921025,
    0.036042059776884794,
    0.03799522425089958,
    0.0371455417706161,
    0.03568939038266435,
    0.03507618398440437,
    0.03315032020494134,
    0.0341975863924039,
    0.03609569627812527,
    0.0355911206662048,
    0.036041490084712136,
    0.03589941545055377,
    0.034736498708626856,
    0.034315508022409916,
    0.035897561863914705,
    0.03301846143619199
  ],
  "rank3_single_split_auc": 0.7212176009644365
}
