{
  "auc_cst_n2": 0.8577913279132792,
  "auc_commutative_n1": 0.45575880758807585,
  "n_grid": [
    1,
    2,
    3,
    4,
    5,
    6,
    8,
    10,
    12,
    16
  ],
  "auc_k8_mean": [
    0.45624539365659333,
    0.8436173968806877,
    0.8027584740665676,
    0.7601688768682847,
    0.7178074360282007,
    0.6887222934020647,
    0.6351686764021932,
    0.5979217643868148,
    0.5813534296326903,
    0.5552655784992045
  ],
  "auc_k8_sd": [
    0.0170581881566629,
    0.018313030150750146,
    0.02278393656039922,
    0.023554232213868508,
    0.0244274468012835,
    0.024434704848774687,
    0.027574839925731533,
    0.029445413466779972,
    0.029508082162335095,
    0.02806460467168639
  ]
}
